{
  "Low": {
    "score_low": 0.009760911774041781,
    "score_high": 0.08834239270619501,
    "n": 28725,
    "observed_injury_rate": 0.047867711053089644
  },
  "Medium": {
    "score_low": 0.08834239270619501,
    "score_high": 0.14926229847162625,
    "n": 17235,
    "observed_injury_rate": 0.11337394836089353
  },
  "High": {
    "score_low": 0.14926229847162625,
    "score_high": 0.24905626049699656,
    "n": 8617,
    "observed_injury_rate": 0.18486712312869907
  },
  "Very High": {
    "score_low": 0.24905626049699656,
    "score_high": 0.718105899911398,
    "n": 2873,
    "observed_injury_rate": 0.32439958231813437
  }
}